Symbol,Name,Market Cap,P/E ttm,EPS ttm,Net Income(a),Beta,Dividend(a),Div Yield(a)
A,Agilent Technologies,19667328000,24.06,2.57,684000000,1.26,0.6,0.96%
AAL,American Airlines Gp,17958234000,7.53,5.04,1919000000,0.99,0.4,1.05%
AAP,Advance Auto Parts Inc,9971841000,23.08,5.88,475510000,1.09,0.24,0.18%
AAPL,Apple Inc,9.50E+11,17.87,10.36,48351000000,1.24,2.92,1.58%
ABBV,Abbvie Inc,1.48E+11,14.99,6.18,5309000000,1.62,3.84,4.14%
ABC,Amerisourcebergen Corp,18841256000,13.64,6.25,364480000,1.04,1.52,1.78%
ABMD,Abiomed Inc,18414446000,171.15,2.39,112170000,0.18,0,0.00%
ABT,Abbott Laboratories,1.07E+11,23.37,2.61,477000000,1.5,1.12,1.84%
ACN,Accenture Plc,1.04E+11,24.64,6.64,3445150000,0.97,2.66,1.63%
ADBE,Adobe Systems Inc,1.19E+11,52.89,4.61,1693950000,1.12,0,0.00%
ADI,Analog Devices,35721376000,17.19,5.58,727260000,1.26,1.92,2.00%
ADM,Archer Daniels Midland Company,25291710000,18.19,2.52,1595000000,1.04,1.34,2.92%
ADP,Automatic Data Procs,59408524000,32.96,4.07,1733400000,0.9,2.76,2.06%
ADS,Alliance Data Systems Corp,13099330000,12.31,18.94,788700000,1.78,2.28,0.98%
ADSK,Autodesk Inc,28905882000,0,-1.35,-566900000,1.7,0,0.00%
AEE,Ameren Corp,14916253000,20.02,3.04,523000000,0.28,1.83,3.01%
AEP,American Electric Power Company,34501028000,18.92,3.66,1912600000,0.17,2.48,3.58%
AES,The Aes Corp,8690797000,11.18,1.2,-1161000000,1.18,0.52,3.88%
AET,Aetna Inc,60735928000,17.8,10.31,1904000000,0.64,2,1.09%
AFL,Aflac Incorporated,33204150000,11.9,3.62,4604000000,0.97,1.04,2.42%
AGN,Allergan Plc,56694224000,9.94,16.77,-4125500000,1.13,2.88,1.73%
AIG,American International Group,47900204000,27.61,1.92,-6084000000,1.22,1.28,2.41%
AIV,Apartment Investment and Management,6611848000,17.13,2.4,315770000,0.41,1.52,3.59%
AIZ,Assurant Inc,5469749000,25.43,4.07,519600000,0.53,2.24,2.16%
AJG,Arthur J. Gallagher & Co,11894941000,15.62,4.18,463100000,1.12,1.64,2.51%
AKAM,Akamai Technologies,12701698000,38.14,1.92,218320000,0.6,0,0.00%
ALB,Albemarle Corp,10353845000,19.45,4.85,54850000,1.61,1.34,1.42%
ALGN,Align Technology I,27273442000,81.08,4.22,231420000,1.57,0,0.00%
ALK,Alaska Air Group,7541047000,10.56,5.72,1034000000,0.72,1.28,2.12%
ALL,Allstate Corp,32221086000,11.37,8.03,3189000000,0.94,1.84,2.02%
ALLE,Allegion Plc Ordinary Shares Wh,7371745000,19.15,4.04,273300000,1.05,0.84,1.09%
ALXN,Alexion Pharm Inc,27812500000,22.99,5.4,443300000,1.08,0,0.00%
AMAT,Applied Materials,46047724000,11.35,4.07,3434000000,1.65,0.8,1.73%
AMD,Adv Micro Devices,14695195000,71.38,0.21,43000000,2.82,0,0.00%
AME,Amtek Inc,16652919000,25.86,2.79,681470000,1.27,0.56,0.78%
AMG,Affiliated Managers Group,8086759000,9.69,15.34,689500000,1.53,1.2,0.81%
AMGN,Amgen,1.23E+11,14.31,12.9,1979000000,1.37,5.28,2.86%
AMP,Ameriprise Financial Services,20371210000,10.53,13.29,1480000000,1.84,3.6,2.57%
AMT,American Tower Corp,63894952000,21.42,2.63,1238900000,0.77,3.08,2.14%
AMZN,Amazon.Com Inc,8.32E+11,267.68,6.35,3033000000,1.61,0,0.00%
ANDV,Andeavor,19919126000,23.1,5.68,1528000000,1.27,2.36,1.80%
ANSS,Ansys Inc,14787519000,45.48,3.83,259250000,1.03,0,0.00%
ANTM,Anthem Inc,60806504000,18.71,12.72,3842800000,0.87,3,1.26%
AON,AON Plc,33558996000,17.02,8.06,1226000000,1.03,1.6,1.17%
AOS,Smith [A.O.] Corp,10095549000,26.06,2.27,296500000,1.51,0.72,1.22%
APA,Apache Corp,17074462000,97.4,0.48,1304000000,1.06,1,2.14%
APC,Anadarko Petroleum Corp,37313124000,0,-0.84,-456000000,1.26,1,1.37%
APD,Air Products and Chemicals,34081856000,22.54,6.91,3000400000,1.2,4.4,2.83%
APH,Amphenol Corp,26258438000,25.78,3.38,650500000,0.85,0.92,1.06%
APTV,Aptiv Plc,24398554000,15.43,5.94,1355000000,1.55,0.88,0.96%
ARE,Alexandria Real Estate Equities,12942527000,20.48,2.6,169090000,0.81,3.72,2.95%
ARNC,Arconic Inc,8140514000,13.94,1.22,-74000000,1.14,0.24,1.41%
ATVI,Activision Blizzard,58826308000,33.33,2.29,273000000,1.18,0.34,0.45%
AVB,Avalonbay Communities,23578628000,19.73,5.67,876920000,0.37,5.88,3.42%
AVGO,Broadcom Ltd,1.04E+11,14.28,16.99,1692000000,0.93,7,2.88%
AVY,Avery Dennison Corp,8851417000,19.12,5.34,281800000,1.26,2.08,2.04%
AWK,American Water Works,15367495000,27.63,3.09,426000000,0.16,1.82,2.13%
AXP,American Express Company,85175640000,15.29,6.41,2736000000,1.1,1.4,1.43%
AZO,Autozone,17656896000,13.71,48.94,1280870000,0.88,0,0.00%
BA,Boeing Company,1.96E+11,24.47,13.71,8197000000,1.41,6.84,2.04%
BAC,Bank of America Corp,2.90E+11,13.89,2.03,18232000000,1.32,0.48,1.70%
BAX,Baxter International Inc,39492388000,28.29,2.61,717000000,0.8,0.76,1.03%
BBT,BB&T Corp,39892008000,14.97,3.37,2394000000,1.05,1.5,2.97%
BBY,Best Buy Co,20772648000,15.83,4.71,1000000000,0.85,1.8,2.41%
BDX,Becton Dickinson and Company,63834080000,23.98,9.99,1100000000,1.12,3,1.25%
BEN,Franklin Resources,17076040000,10.17,3.15,1696700000,1.56,0.92,2.87%
BF.B,Brown Forman Inc Cl B,23694666000,31.95,1.54,717000000,0.88,0.63,1.29%
BHF,Brighthouse Financial Inc,4884221000,0,5.18,-378000000,N/A,0,0.00%
BHGE,Baker Hughes A Ge Co. Cl. A,13716545000,183.5,0.18,36000000,0.73,0.72,2.18%
BIIB,Biogen Inc,62410424000,12.81,22.66,2539100000,0.8,0,0.00%
BK,Bank of New York Mellon Corp,54667680000,13.79,3.91,4090000000,1.18,0.96,1.78%
BKNG,Booking Holdings Inc.,98649264000,25.59,79.22,2340770000,1.24,0,0.00%
BLK,Blackrock,80008112000,20.71,24.1,4970000000,1.65,11.52,2.31%
BLL,Ball Corp,12488821000,16.53,2.15,374000000,0.84,0.4,1.13%
BMY,Bristol-Myers Squibb Company,90210264000,17.79,3.11,1007000000,0.94,1.6,2.89%
BR,Broadridge Financial Solutions Llc,13668107000,28.49,4.04,326800000,0.85,1.46,1.27%
BRK.B,Berkshire Hath Hld Cl B,4.63E+11,28.45,6.56,44940000000,0.88,0,0.00%
BSX,Boston Scientific Corp,45299168000,25.15,1.3,105000000,0.76,0,0.00%
BWA,Borgwarner Inc,9191875000,10.58,4.08,439900000,1.87,0.68,1.58%
BXP,Boston Properties,19247148000,20.16,3.44,462440000,0.57,3.2,2.55%
C,Citigroup Inc,1.73E+11,11.84,5.65,-6798000000,1.49,1.28,1.91%
CA,CA Inc,15060813000,15.17,2.35,476000000,0.72,1.02,2.86%
CAG,Conagra Brands Inc,14035119000,16.85,2.12,639300000,0.32,0.85,2.38%
CAH,Cardinal Health,15269922000,9.57,5.1,1288000000,1.01,1.91,3.90%
CAT,Caterpillar Inc,81494600000,16.11,8.42,754000000,1.32,3.12,2.30%
CB,Chubb Ltd,59068096000,16.12,7.88,3861000000,1.01,2.92,2.30%
CBOE,CBOE Global Markets Inc,11670837000,25.95,4.01,400600000,0.66,1.08,1.04%
CBRE,CBRE Group Inc,16192008000,16.93,2.82,691480000,1.73,0,0.00%
CBS,CBS Corp,21215860000,12.12,4.64,357000000,1.47,0.72,1.28%
CCI,Crown Castle International Corp,44875228000,21.74,1.03,444550000,0.32,4.2,3.90%
CCL,Carnival Corp,30324362000,13.91,4.12,2606000000,0.89,2,3.49%
CDNS,Cadence Design Sys,12339201000,39.73,1.09,204100000,1.11,0,0.00%
CELG,Celgene Corp,57631236000,11.44,6.94,2940000000,1.43,0,0.00%
CERN,Cerner Corp,20293500000,27.55,2.17,866980000,0.96,0,0.00%
CF,Cf Industries Holdings,10127824000,0,-0.04,358000000,1.06,1.2,2.70%
CFG,Citizens Financial Group Inc/Ri,19088668000,13.89,2.8,1652000000,1.4,0.88,2.26%
CHD,Church & Dwight Company,12954418000,25.93,2.05,743400000,0.42,0.87,1.64%
CHRW,C.H. Robinson Ww,11921730000,23.05,3.63,504890000,0.42,1.84,2.20%
CHTR,Charter Communicatio,69791872000,129.17,2.27,9895000000,1.21,0,0.00%
CI,Cigna Corp,41119928000,14.41,11.79,2237000000,0.62,0.04,0.02%
CINF,Cincinnati Financial,10994767000,23.3,2.87,1045000000,0.85,2.12,3.17%
CL,Colgate-Palmolive Company,56334428000,22.04,2.94,2024000000,0.75,1.68,2.59%
CLX,Clorox Company,17292176000,24.19,5.59,701000000,0.37,3.84,2.84%
CMA,Comerica Inc,15778015000,17.35,5.24,743000000,1.38,1.36,1.50%
CMCSA,Comcast Corp A,1.54E+11,15.26,2.15,22714000000,1.22,0.76,2.32%
CME,CME Group Inc,55664768000,30.36,5.4,4063400000,0.61,2.8,1.71%
CMG,Chipotle Mexican Grill,12367963000,60.59,7.12,176250000,0.5,0,0.00%
CMI,Cummins Inc,21790834000,11.5,11.57,999000000,1.15,4.32,3.25%
CMS,Cms Energy Corp,13516235000,20.38,2.32,460000000,0.08,1.43,3.02%
CNC,Centene Corp,25454630000,20.26,6.08,828000000,0.78,0,0.00%
CNP,Centerpoint Energy Inc,11895628000,17.76,1.56,1792000000,0.53,1.11,4.01%
COF,Capital One Financial Corp,45617404000,10.62,8.65,1982000000,1.34,1.6,1.74%
COG,Cabot Oil & Gas Corp,10619045000,40.34,0.59,100390000,0.38,0.24,1.01%
COL,Rockwell Collins,22200610000,19.69,6.84,705000000,0.71,1.32,0.98%
COO,Cooper Companies,11602330000,21.52,10.94,372900000,0.64,0.06,0.03%
COP,Conocophillips,80255096000,40.71,1.71,-855000000,1.22,1.14,1.64%
COST,Costco Wholesale,91211936000,31.86,6.56,2679000000,0.95,2.28,1.09%
COTY,Coty Inc,10400558000,25.64,0.55,-422200000,0.3,0.5,3.55%
CPB,Campbell Soup Company,12113189000,12.91,3.14,887000000,0.3,1.4,3.45%
CRM,Salesforce.Com Inc,1.03E+11,149.89,0.91,127480000,1.2,0,0.00%
CSCO,Cisco Systems Inc,2.06E+11,18.87,2.28,9609000000,1.1,1.32,3.07%
CSX,CSX Corp,56249992000,24.82,2.57,5471000000,1.19,0.88,1.38%
CTAS,Cintas Corp,20132728000,34.66,5.34,480710000,0.91,1.62,0.88%
CTL,Centurylink,19991090000,14.23,1.31,1389000000,0.79,2.16,11.59%
CTSH,Cognizant Tech Sol,46573192000,21.06,3.75,1504000000,1.03,0.8,1.01%
CTXS,Citrix Systems Inc,14462695000,23.61,4.44,-20720000,1.26,0,0.00%
CVS,CVS Corp,66255080000,10.33,6.23,6622000000,1,2,3.11%
CVX,Chevron Corp,2.37E+11,27.67,4.57,9195000000,1.13,4.48,3.54%
CXO,Concho Resources Inc,20182588000,52.6,2.63,956000000,0.96,0,0.00%
D,Dominion Resources,44667044000,18.13,3.76,2999000000,0.28,3.34,4.90%
DAL,Delta Air Lines Inc,35017880000,10.09,4.91,3577000000,1.12,1.22,2.46%
DE,Deere & Company,45776780000,17.5,7.99,2159100000,0.83,2.76,1.97%
DFS,Discover Financial Services,24519714000,11.07,6.36,2099000000,1.48,1.4,1.99%
DG,Dollar General Corp,26236932000,20.04,4.92,1538960000,0.95,1.16,1.18%
DGX,Quest Diagnostics Inc,14968723000,18.83,5.84,772000000,0.69,2,1.82%
DHI,D.R. Horton,15500640000,12.58,3.26,1038400000,1.06,0.5,1.22%
DHR,Danaher Corp,68550672000,23.66,4.17,2492100000,1.05,0.64,0.65%
DIS,Walt Disney Company,1.57E+11,16.43,6.38,8980000000,1.29,1.68,1.60%
DISCA,Discovery Comm A,14317079000,13.03,2.11,-337000000,1.46,0,0.00%
DISCK,Discovery Comm Inc,13356342000,12.09,2.11,-337000000,1.39,0,0.00%
DISH,Dish Network Corp,15437561000,13.28,2.53,2098690000,1.16,0,0.00%
DLR,Digital Realty Trust,23051984000,17.97,1.2,248260000,0.01,4.04,3.62%
DLTR,Dollar Tree Inc,19980654000,16.73,5.08,1714300000,0.82,0,0.00%
DOV,Dover Corp,11279265000,16.3,4.49,811670000,1.3,1.88,2.57%
DPS,Dr Pepper Snapple Group Inc,22290846000,27.11,4.5,1076000000,0.76,2.32,1.90%
DRE,Duke Realty Corp,10261042000,23.6,0.82,1634430000,0.71,0.8,2.76%
DRI,Darden Restaurants,13527770000,22.21,4.82,596000000,0.15,2.52,2.35%
DTE,Dte Energy Company,18980992000,18.12,5.72,1134000000,0.16,3.53,3.41%
DUK,Duke Energy Corp,55912560000,16.41,4.82,3059000000,0.12,3.56,4.50%
DVA,Davita Healthcare Partners Inc,12124261000,18.77,3.7,663620000,1.09,0,0.00%
DVN,Devon Energy Corp,22783602000,31.86,1.38,898000000,2.17,0.32,0.73%
DWDP,Dowdupont Inc,1.53E+11,18.41,3.58,1460000000,1.28,1.52,2.31%
DXC,Dxc Technology Company,23352780000,10.14,7.95,1751000000,0.91,0.76,0.94%
EA,Electronic Arts Inc,43952224000,34.82,4.05,1043000000,0.76,0,0.00%
EBAY,Ebay Inc,36449244000,22.25,1.63,-1016000000,1.24,0,0.00%
ECL,Ecolab Inc,40462044000,29.24,4.8,1508400000,1,1.64,1.17%
ED,Consolidated Edison Company of New York,24342588000,18.48,4.22,1525000000,0.07,2.86,3.67%
EFX,Equifax Inc,14942385000,21.03,5.95,587300000,0.92,1.56,1.25%
EIX,Edison International,20802968000,15.14,4.18,689000000,0.16,2.42,3.82%
EL,Estee Lauder Companies,52391292000,32.36,4.41,1249000000,0.63,1.52,1.07%
EMN,Eastman Chemical Company,14184554000,12.46,8.02,1384000000,1.21,2.24,2.24%
EMR,Emerson Electric Company,43753452000,24.26,2.85,1518000000,1.18,1.94,2.81%
EOG,Eog Resources,70852464000,57.87,2.15,2582580000,1.04,0.74,0.59%
EQIX,Equinix Inc,34025564000,21.94,5.97,232980000,0.45,9.12,2.12%
EQR,Equity Residential,23370288000,20.09,1.81,603450000,0.37,2.16,3.39%
EQT,Eqt Corp,14455930000,28.3,1.95,1508530000,0.69,0.12,0.22%
ES,Eversource Energy,18702848000,18.67,3.14,988000000,0.32,2.02,3.45%
ESRX,Express Scripts,43808540000,10.21,7.56,4517400000,0.97,0,0.00%
ESS,Essex Property Trust,15602332000,19.84,4.98,433060000,0.39,7.44,3.11%
ETFC,E*Trade Finl Corp,16262134000,23.61,2.59,614000000,1.32,0,0.00%
ETN,Eaton Corp,32766888000,15.6,4.79,2985000000,1.37,2.64,3.53%
ETR,Entergy Corp,14724173000,10.95,7.38,425350000,0.46,3.56,4.41%
EVHC,Envision Healthcare Holdings,5363636000,16.55,2.66,-228000000,0.45,0,0.00%
EVRG,Evergy Inc.,8080087000,24.74,2.27,323920000,0.34,1.6,2.85%
EW,Edwards Lifesciences Corp,30807606000,35.68,4.08,583600000,0.64,0,0.00%
EXC,Exelon Corp,41414804000,14.69,2.9,3770000000,0.19,1.38,3.24%
EXPD,Expeditors Intl,12816272000,26.78,2.73,489350000,0.71,0.9,1.23%
EXPE,Expedia Group Inc.,18368658000,38.77,3.1,377960000,1.09,1.2,1.00%
EXR,Extra Space Storage Inc,12465973000,22.53,3.82,479010000,0.22,3.44,3.45%
F,Ford Motor Company,44104188000,6.12,1.81,7602000000,1.02,0.6,5.42%
FAST,Fastenal Co,13809120000,23.14,2.08,578600000,0.97,1.48,3.08%
FB,Facebook Inc,5.73E+11,28.58,6.8,15934000000,0.85,0,0.00%
FBHS,Fortune Brands Home & Security,7789210000,17.26,3.11,472600000,1.35,0.8,1.49%
FCX,Freeport-Mcmoran Inc,24861236000,11.66,1.48,1817000000,2.46,0.2,1.16%
FDX,Fedex Corp,61451292000,14.82,15.32,4572000000,1.41,2.6,1.15%
FE,Firstenergy Corp,17273680000,12.13,2.96,-1724000000,0.26,1.44,4.01%
FFIV,F5 Networks Inc,10664217000,24.09,7.16,420760000,0.99,0,0.00%
FIS,Fidelity National Information Services,35318768000,22.8,4.65,1319000000,0.89,1.28,1.21%
FISV,Fiserv Inc,30601544000,27.49,2.71,1246000000,0.83,0,0.00%
FITB,Fifth Third Bncp,19934340000,14.14,2.03,2194000000,1.29,0.72,2.51%
FL,Footlocker Inc,6083997000,12.54,4.2,284000000,0.95,1.38,2.62%
FLIR,Flir Systems Inc,7192549000,25.99,2,107220000,0.75,0.64,1.23%
FLR,Fluor Corp,6831268000,18.41,2.65,191380000,1.39,0.84,1.72%
FLS,Flowserve Corp,5246283000,29.71,1.36,2650000,1.43,0.76,1.88%
FLT,Fleetcor Technologies,19053878000,24.96,8.44,740200000,1.38,0,0.00%
FMC,FMC Corp,11835534000,21.65,4.12,535800000,1.63,0.66,0.74%
FOX,21st Centry Fox Class B,90163608000,27.99,1.76,2952000000,1.25,0.36,0.73%
FOXA,21st Centry Fox Class A,91145464000,28.23,1.76,2952000000,1.3,0.36,0.72%
FRT,Federal Realty Investment Trust,9133463000,21.16,3.74,289910000,0.24,4,3.16%
FTI,Technipfmc Plc,14310315000,24.05,1.32,113300000,0.81,0.52,1.64%
FTV,Fortive Corp,26755466000,25.04,3.08,1044500000,0.48,0.28,0.36%
GD,General Dynamics Corp,55654508000,18.42,10.12,2912000000,0.85,3.72,2.00%
GE,General Electric Company,1.16E+11,13.61,1,-5786000000,1.02,0.48,3.53%
GGP,Ggp Inc,19541572000,12.77,0.65,657330000,0.9,0.88,4.31%
GILD,Gilead Sciences Inc,92682528000,9.19,7.71,4628000000,1.12,2.28,3.22%
GIS,General Mills,24719096000,14.23,3.11,1657500000,0.79,1.96,4.43%
GLW,Corning Inc,23008998000,16.67,1.65,-497000000,1.31,0.72,2.62%
GM,General Motors Company,55672876000,6.26,6.29,-3864000000,1.65,1.52,3.86%
GOOG,Alphabet Class C,7.84E+11,32.61,34.21,12662000000,1.1,0,0.00%
GOOGL,Alphabet Class A,7.94E+11,33.01,34.21,12662000000,1.06,0,0.00%
GPC,Genuine Parts Company,13354808000,18.96,4.84,616760000,1.19,2.88,3.14%
GPN,Global Payments Inc,17933892000,26.8,4.16,468430000,1.1,0.12,0.11%
GPS,Gap Inc,12294423000,14.79,2.19,848000000,0.81,0.97,2.99%
GRMN,Garmin Ltd,11484638000,19.68,3.1,694960000,1.02,2.12,3.48%
GS,Goldman Sachs Group,84329768000,10.21,21.6,4286000000,1.32,3.2,1.45%
GT,Goodyear Tire Rubber,5607225000,8.03,2.9,346000000,1.77,0.56,2.40%
GWW,W.W. Grainger,17158926000,24.17,12.76,585730000,0.81,5.44,1.76%
HAL,Halliburton Company,38954832000,28.34,1.59,-463000000,1.04,0.72,1.60%
HAS,Hasbro Inc,11621919000,18.39,5.02,396610000,0.86,2.52,2.73%
HBAN,Huntington Bcshs,16339695000,14.06,1.05,1186000000,1.34,0.44,2.98%
HBI,Hanesbrands Inc,7946158000,11.53,1.91,61890000,0.71,0.6,2.72%
HCA,Hca Holdings Inc,36044268000,13.85,7.41,2216000000,0.47,1.4,1.36%
HCP,HCP Inc,12003389000,13.45,-0.03,414170000,0.26,1.48,5.73%
HD,Home Depot,2.24E+11,24.82,7.86,8630000000,1.12,4.12,2.11%
HES,Hess Corp,19474136000,0,-3.81,-4074000000,1.46,1,1.50%
HFC,Hollyfrontier Corp,12068274000,20.93,3.27,805400000,1.1,1.32,1.93%
HIG,Hartford Financial Services Group,18383328000,13.74,3.72,-3131000000,0.94,1,1.96%
HII,Huntington Ingalls Industries,9671630000,16.59,13.07,479000000,0.99,2.88,1.33%
HLT,Hilton Inc,23823308000,36.48,2.17,1259000000,1.33,0.6,0.76%
HOG,Harley-Davidson Inc,6980494000,11.5,3.66,521760000,0.9,1.48,3.52%
HOLX,Hologic Inc,10819387000,19.11,2.08,755500000,0.82,0,0.00%
HON,Honeywell International Inc,1.08E+11,19.6,7.35,1655000000,0.99,2.98,2.07%
HP,Helmerich & Payne,6827865000,0,-0.38,-128210000,1.33,2.8,4.39%
HPE,Hewlett Packard Enterprise Comp,22406608000,11.41,1.28,344000000,1.77,0.45,3.08%
HPQ,Hewlett-Packard Company,36816260000,12.4,1.83,2526000000,1.64,0.56,2.46%
HRB,H&R Block,4871573000,7.75,2.94,613150000,0.27,1,4.39%
HRL,Hormel Foods Corp,19411362000,22.83,1.63,846740000,0.42,0.75,2.02%
HRS,Harris Corp,17331018000,23.28,6.21,553000000,1.25,2.28,1.58%
HSIC,Henry Schein Inc,11295827000,19.82,3.67,406300000,1,0,0.00%
HST,Host Marriott Financial Trust,15449526000,12.62,0.88,564000000,1.27,0.8,3.80%
HSY,Hershey Foods Corp,19300974000,19.15,4.86,782980000,0.34,2.62,2.82%
HUM,Humana Inc,41138780000,24.2,12.3,2448000000,0.95,2,0.67%
IBM,International Business Machines,1.28E+11,10.05,13.9,5753000000,0.87,6.28,4.50%
ICE,Intercontinental Exchange,42706628000,23.73,3.1,2514000000,0.64,0.96,1.31%
IDXX,Idexx Laboratories,19220380000,61.91,3.52,263140000,0.67,0,0.00%
IFF,International Flavors & Fragrances,9753827000,20.46,6.06,295670000,1.05,2.76,2.23%
ILMN,Illumina Inc,41018880000,57.94,4.82,726000000,0.9,0,0.00%
INCY,Incyte Corp,14545382000,0,-0.05,-313140000,0.74,0,0.00%
INFO,IHS Markit Ltd,20322316000,27.89,1.85,416900000,0.77,0,0.00%
INTC,Intel Corp,2.35E+11,13.51,3.68,9601000000,0.97,1.2,2.41%
INTU,Intuit Inc,52713848000,44.41,4.6,971000000,1.19,1.56,0.76%
IP,International Paper Company,21400172000,13.22,3.94,2144000000,1.53,1.9,3.65%
IPG,Interpublic Group of Companies,8878526000,16.74,1.4,579000000,1.3,0.84,3.58%
IPGP,Ipg Photonics Corp,11949246000,28.25,7.81,347610000,1.94,0,0.00%
IQV,Iqvia Holdings Inc,20486584000,20.62,4.84,1309000000,0.62,0,0.00%
IR,Ingersoll-Rand Plc [Ireland],22175064000,19.3,4.65,1302600000,1.33,1.8,2.01%
IRM,Iron Mountain Inc,9978609000,16.51,1.14,183820000,0.69,2.35,6.71%
ISRG,Intuitive Surg Inc,55296852000,54.73,8.74,660000000,0.58,0,0.00%
IT,Gartner Inc,12165029000,38.86,3.42,3280000,1.17,0,0.00%
ITW,Illinois Tool Works Inc,46955524000,19.88,6.97,1687000000,1.24,3.12,2.25%
IVZ,Invesco Plc,10907549000,9.66,2.75,1127300000,1.66,1.2,4.52%
JBHT,J B Hunt Transport,13434624000,31.17,3.9,686260000,0.96,0.96,0.79%
JCI,Johnson Controls Intl,30860984000,12.62,2.65,1611000000,0.85,1.04,3.11%
JEC,Jacobs Engineering Group Inc,9074560000,17.93,3.54,293730000,1.49,0.6,0.95%
JEF,Jefferies Financial Group Inc.,7752150000,18.19,1.25,171730000,1.17,0.4,1.76%
JNJ,Johnson & Johnson,3.26E+11,16.11,7.53,1300000000,0.74,3.6,2.97%
JNPR,Juniper Networks,9688912000,18.16,1.51,306200000,1.04,0.72,2.63%
JPM,JP Morgan Chase & Co,3.61E+11,13.51,7.71,24441000000,1.2,2.24,2.15%
JWN,Nordstrom,8488347000,17.09,3.03,437000000,0.82,1.48,2.86%
K,Kellogg Company,24144230000,16.76,4.17,1269000000,0.52,2.16,3.09%
KEY,Keycorp,21095186000,13.66,1.43,1296000000,1.04,0.48,2.46%
KHC,Kraft Heinz Co,75698272000,17.45,3.6,10999000000,0.6,2.5,3.98%
KIM,Kimco Realty Corp,6934368000,11.25,1.02,426080000,0.5,1.12,6.59%
KLAC,K L A-Tencor Corp,16179306000,13.8,7.43,926080000,1.54,3,2.93%
KMB,Kimberly-Clark Corp,36669168000,16.54,6.37,2278000000,0.68,4,3.80%
KMI,Kinder Morgan,38451800000,24.54,0.72,183000000,0.65,0.8,4.53%
KMX,Carmax Inc,13175862000,18.73,3.89,664110000,1.56,0,0.00%
KO,Coca-Cola Company,1.87E+11,22.49,1.95,1248000000,0.74,1.56,3.56%
KORS,Michael Kors Holdings Ltd,9975494000,14.7,4.53,591900000,0.05,0,0.00%
KR,Kroger Company,22688596000,12.99,2.19,1907000000,1.03,0.5,1.76%
KSS,Kohl's Corp,11919244000,16.38,4.45,859000000,1.26,2.44,3.35%
KSU,Kansas City Southern,10973070000,19.77,5.36,962000000,0.78,1.44,1.36%
L,Loews Corp,15419963000,16.42,2.94,1164000000,0.66,0.25,0.52%
LB,L Brands Inc,9965341000,12.05,3.06,983000000,0.76,2.4,6.51%
LEG,Leggett & Platt Inc,5799509000,18.52,2.41,292600000,0.88,1.52,3.40%
LEN,Lennar Corp,16990724000,10.42,5.04,810480000,1.22,0.16,0.30%
LH,Laboratory Corporation of America Holdings,18421482000,17.67,10.16,1268200000,0.94,0,0.00%
LKQ,LKQ Corp,9833292000,16.44,1.94,533740000,1.03,0,0.00%
LLL,L-3 Communications Holdings,15119172000,21.71,8.86,677000000,1.23,3.2,1.66%
LLY,Eli Lilly and Company,93195024000,18.39,4.64,-204100000,0.25,2.25,2.64%
LMT,Lockheed Martin Corp,85407728000,19.98,14.79,2002000000,0.73,8,2.71%
LNC,Lincoln National Corp,13780917000,7.95,7.83,2079000000,1.95,1.32,2.12%
LNT,Alliant Energy Corp,9881385000,21.05,2.01,467500000,0.31,1.34,3.17%
LOW,Lowe's Companies,77428152000,21,4.55,3447000000,1.34,1.64,1.72%
LRCX,Lam Research Corp,28387122000,11.01,15.7,1697760000,1.42,4.4,2.55%
LUV,Southwest Airlines Company,29882892000,13.98,3.64,3488000000,1.1,0.64,1.26%
LYB,Lyondellbasell Industries Nv,42167132000,9.92,11.07,4879000000,1.1,4,3.64%
M,Macy's Inc,11194760000,9.33,4.01,1547000000,0.74,1.51,4.03%
MA,Mastercard Inc,2.06E+11,38.69,5.08,3915000000,1.18,1,0.51%
MAA,Mid-America Apartment Communities,11313002000,17.01,2.92,328380000,0.33,3.69,3.67%
MAC,Macerich Company,7946197000,14.61,0.4,146130000,0.83,2.96,5.21%
MAR,Marriot Int Class A,44696504000,26.99,4.69,1372000000,1.35,1.64,1.30%
MAS,Masco Corp,11578172000,18.8,1.99,533000000,1.47,0.42,1.12%
MAT,Mattel Inc,5690091000,0,-1.37,-1053840000,1.01,0.15,0.91%
MCD,McDonald's Corp,1.23E+11,22.42,6.99,5192300000,0.65,4.04,2.58%
MCHP,Microchip Technology,21499108000,17.32,5.25,255400000,1.15,1.45,1.60%
MCK,Mckesson Corp,27216088000,10.55,12.64,67000000,1.29,1.36,1.02%
MCO,Moody's Corp,32809142000,26,6.56,1000600000,1.2,1.76,1.03%
MDLZ,Mondelez Intl Cmn A,60271360000,18.3,2.24,2922000000,0.88,0.88,2.15%
MDT,Medtronic Inc,1.16E+11,17.91,4.78,3104000000,0.95,1.84,2.15%
MET,Metlife Inc,44300380000,8.97,4.86,4010000000,1.23,1.68,3.85%
MGM,MGM Resorts International,15679206000,29.62,0.98,1960290000,1.4,0.48,1.65%
MHK,Mohawk Industries,15953956000,15.42,13.9,971640000,1.38,0,0.00%
MKC,Mccormick & Company Inc,15165649000,24.81,4.68,477400000,0.56,2.08,1.79%
MLM,Martin Marietta Materials,14000080000,33.43,6.68,713340000,1.13,1.76,0.79%
MMC,Marsh & Mclennan Companies,41726932000,19.42,4.22,1492000000,0.96,1.5,1.83%
MMM,3M Company,1.16E+11,20.69,9.51,4858000000,1.16,5.44,2.77%
MNST,Monster Beverage Cp,32399116000,37.45,1.53,820680000,1.28,0,0.00%
MO,Altria Group,1.06E+11,15.73,3.61,10222000000,0.62,2.8,4.93%
MOS,Mosaic Company,10710823000,22.26,1.26,-107200000,1.22,0.1,0.36%
MPC,Marathon Petroleum Corp,32456306000,17.85,3.93,3432000000,1.32,1.84,2.62%
MRK,Merck & Company,1.63E+11,14.63,4.15,2394000000,0.76,1.92,3.16%
MRO,Marathon Oil Corp,17626906000,0,-0.07,-5723000000,2.36,0.2,0.96%
MS,Morgan Stanley,84476808000,11.59,4.09,6111000000,1.49,1,2.11%
MSCI,MSCI Inc,14878802000,37.51,4.41,303970000,0.82,1.52,0.92%
MSFT,Microsoft Corp,7.70E+11,26.44,3.73,21204000000,1.04,1.68,1.70%
MSI,Motorola Solutions,18889768000,20.89,5.57,-155000000,0.31,2.08,1.79%
MTB,M&T Bank Corp,24703872000,16.65,10.22,1408310000,0.92,3.2,1.88%
MTD,Mettler-Toledo International,14492611000,32.16,17.99,375970000,1.15,0,0.00%
MU,Micron Technology,63186452000,5.08,10.32,5089000000,1.5,0,0.00%
MYL,Mylan Nv Ord Shs,18881666000,7.87,4.59,696000000,1.37,0,0.00%
NBL,Noble Energy Inc,16466116000,50.4,0.7,-1118000000,1.07,0.44,1.25%
NCLH,Norwegian Cruise Ord,10573912000,11.67,4.05,759870000,1.27,0,0.00%
NDAQ,Nasdaq Inc,15306140000,20.89,4.37,734000000,0.68,1.76,1.93%
NEE,Nextera Energy,79568216000,24.21,6.9,5378000000,0.29,4.44,2.66%
NEM,Newmont Mining Corp,20032548000,24.17,1.56,-98000000,0.22,0.56,1.49%
NFLX,Netflix Inc,1.73E+11,262.7,1.49,558930000,0.94,0,0.00%
NFX,Newfield Exploration Company,5927987000,12.2,2.48,427000000,1.49,0,0.00%
NI,NiSource Inc,8956865000,20.69,1.27,128500000,0.27,0.78,2.97%
NKE,Nike Inc,1.27E+11,33.2,2.4,4240000000,0.66,0.8,1.00%
NKTR,Nektar Therapeutics,8369462000,0,-0.76,-96690000,1.97,0,0.00%
NLSN,Nielsen Holdings Plc,10897076000,15.09,2.05,429000000,0.96,1.4,4.53%
NOC,Northrop Grumman Corp,53860752000,22.2,13.86,2015000000,0.77,4.8,1.56%
NOV,National-Oilwell,16331355000,0,-0.43,-237000000,0.81,0.2,0.46%
NRG,NRG Energy,9752144000,13.06,2.35,-2153000000,0.99,0.12,0.39%
NSC,Norfolk Southern Corp,43005416000,21.31,7.08,5404000000,1.31,2.88,1.91%
NTAP,Netapp Inc,20862348000,26.09,3.01,76000000,1.24,0.8,1.02%
NTRS,Northern Trust Corp,23403460000,19.27,5.34,1199000000,0.93,1.68,1.63%
NUE,Nucor Corp,19992584000,17.31,3.61,1318690000,1.56,1.52,2.43%
NVDA,Nvidia Corp,1.47E+11,41.56,5.7,3047000000,1.53,0.6,0.25%
NWL,Newell Rubbermaid Inc,12759340000,9.38,2.75,2748800000,0.73,0.92,3.57%
NWS,News Cp Cl B Cmn ST,9003333000,33.02,0.48,-738000000,1.8,0.2,1.26%
NWSA,News Cp Cl A Cmn ST,8828511000,32.29,0.48,-738000000,1.9,0.2,1.29%
O,Realty Income Corp,15152300000,17.46,1.29,318800000,0.17,2.64,4.91%
OKE,Oneok Inc,28343964000,36.37,1.92,387840000,1.23,3.18,4.55%
OMC,Omnicom Group Inc,17160394000,14.61,5.22,1088400000,1.15,2.4,3.15%
ORCL,Oracle Corp,1.86E+11,15.57,2.83,3825000000,1.12,0.76,1.72%
ORLY,O'Reilly Automotive,22485934000,21.32,12.83,1133800000,0.97,0,0.00%
OXY,Occidental Petroleum Corp,63191340000,50.41,1.66,1311000000,0.61,3.08,3.68%
PAYX,Paychex Inc,24444730000,27.9,2.45,817300000,0.99,2.24,3.28%
PBCT,People's United Finl,6334895000,16.3,1.11,337200000,0.92,0.7,3.87%
PCAR,Paccar Inc,21411156000,12.83,4.83,1675200000,1.22,1.12,1.81%
PCG,Pacific Gas & Electric Co,22588648000,12.09,3.52,1660000000,-0.01,0.53,1.25%
PEG,Public Service Enterprise Group Inc,27241462000,18.17,2.98,1574000000,0.4,1.8,3.32%
PEP,Pepsico Inc,1.55E+11,20.74,5.25,4857000000,0.68,3.71,3.41%
PFE,Pfizer Inc,2.16E+11,13.29,2.73,21308000000,0.93,1.36,3.75%
PFG,Principal Financial Group Inc,15138576000,10.22,5.18,2310400000,1.54,2.08,3.93%
PG,Procter & Gamble Company,1.97E+11,18.9,4.13,15326000000,0.58,2.87,3.68%
PGR,Progressive Corp,34791384000,19.65,3.01,1592200000,0.67,1.12,1.90%
PH,Parker-Hannifin Corp,20753726000,16.17,9.64,983410000,1.42,3.04,1.95%
PHM,Pultegroup,8242963000,11.45,2.51,447220000,0.98,0.36,1.25%
PKG,Packaging Corporation of America,10602110000,17.72,6.31,668600000,1.83,3.16,2.83%
PKI,Perkinelmer,8030631000,24.41,3,292630000,0.86,0.28,0.38%
PLD,Prologis Inc,34404644000,22.04,3.36,1652330000,0.8,1.92,2.92%
PM,Philip Morris International Inc,1.25E+11,17.11,4.72,6035000000,0.87,4.56,5.65%
PNC,PNC Bank,63814440000,15.04,8.98,5338000000,0.92,3,2.22%
PNR,Pentair Ltd,7485244000,11.19,3.76,666500000,1.35,1.4,3.33%
PNW,Pinnacle West Capital Corp,9116698000,19.32,4.17,488460000,0.26,2.78,3.45%
PPG,PPG Industries,25657678000,17.49,5.93,1591000000,1.52,1.8,1.74%
PPL,PPL Corp,20090408000,12.05,2.37,1128000000,0.53,1.64,5.74%
PRGO,Perrigo Company,10210041000,14.16,5.15,119600000,0.79,0.76,1.04%
PRU,Prudential Financial Inflation Retail,39618600000,8.6,10.87,7863000000,1.5,3.6,3.85%
PSA,Public Storage,39435216000,22.35,6.77,1442220000,0.3,8,3.53%
PSX,Phillips 66,51526564000,23.11,4.86,5106000000,1.01,3.2,2.85%
PVH,Phillips-Van Heusen Corp,11450177000,17.31,8.65,537800000,0.78,0.15,0.10%
PWR,Quanta Services,5020912000,18.87,1.77,314980000,0.88,0,0.00%
PX,Praxair,45448520000,25.8,6.13,1247000000,1.09,3.3,2.09%
PXD,Pioneer Natural Resources Co,31565340000,53.01,3.57,833000000,0.92,0.32,0.17%
PYPL,Paypal Holdings,99610144000,53.72,1.55,1795000000,1.31,0,0.00%
QCOM,Qualcomm Inc,83307072000,18.46,3.04,2466000000,1.51,2.48,4.42%
QRVO,Qorvo Inc,10058958000,17.32,4.63,-40290000,1,0,0.00%
RCL,Royal Caribbean Cruises Ltd,22013530000,13.58,7.63,1625130000,1.21,2.4,2.32%
RE,Everest Re Group,9309017000,29.17,7.9,468970000,0.46,5.2,2.26%
REG,Regency Centers Corp,10427186000,16.51,1.47,176080000,0.46,2.22,3.58%
REGN,Regeneron Pharmaceutical,37817780000,22.06,15.64,1198510000,1.36,0,0.00%
RF,Regions Financial Corp,20093154000,15.88,1.12,1263000000,1.27,0.36,2.02%
RHI,Robert Half International Inc,8087002000,23.5,2.77,290580000,1.18,1.12,1.72%
RHT,Red Hat Inc,24219976000,56.46,2.38,258800000,1.09,0,0.00%
RJF,Raymond James Financial,13171159000,14.97,5.97,636240000,1.64,1.2,1.34%
RL,Ralph Lauren Corp,10260621000,20.85,6.03,162800000,0.71,2.5,1.99%
RMD,Resmed Inc,14813558000,30.92,3.35,342280000,0.9,1.4,1.35%
ROK,Rockwell Automation Inc,21058510000,22.77,7.3,825700000,1.27,3.68,2.21%
ROP,Roper Industries,28327738000,27.84,9.91,971770000,1.07,1.65,0.60%
ROST,Ross Stores Inc,31843988000,23.35,3.63,1362750000,1.06,0.9,1.06%
RSG,Republic Services,22607494000,25.99,2.63,1278400000,0.55,1.38,2.02%
RTN,Raytheon Company,55838528000,23.62,8.18,2024000000,0.69,3.47,1.80%
SBAC,SBA Communications,18968994000,0,0.95,103650000,0.86,0,0.00%
SBUX,Starbucks Corp,67702800000,21.43,2.28,2884700000,0.65,1.2,2.46%
SCG,Scana Corp,5543867000,9.17,4.2,-119000000,0.2,2.45,6.36%
SCHW,The Charles Schwab Corp,69213440000,28.39,1.8,2354000000,1.57,0.4,0.78%
SEE,Sealed Air Corp,6831573000,22.34,1.9,814900000,1.13,0.64,1.51%
SHW,Sherwin-Williams Company,38052400000,25.81,15.79,1772260000,1.14,3.44,0.84%
SIVB,Svb Financial Grp,15479953000,24.83,11.63,490510000,1.46,0,0.00%
SJM,J.M. Smucker Company,11939867000,13.5,7.96,1338600000,0.63,3.12,2.90%
SLB,Schlumberger N.V.,90312584000,41.12,1.63,-1505000000,1.06,2,2.98%
SLG,SL Green Realty Corp,8874715000,15.4,1.89,112780000,1.08,3.25,3.23%
SNA,Snap-On Inc,9075810000,15.26,10.53,557700000,1.14,3.28,2.04%
SNPS,Synopsys Inc,12874464000,62.92,1.36,136560000,1.1,0,0.00%
SO,Southern Company,47445448000,14.29,3.24,880000000,0.03,2.4,5.18%
SPG,Simon Property Group,54355288000,14.99,6.72,1947960000,0.55,7.8,4.58%
SPGI,S&P Global Inc,51345620000,28.01,7.28,1496000000,1.36,2,0.98%
SRCL,Stericycle Inc,5570402000,14.64,4.46,42400000,0.41,0,0.00%
SRE,Sempra Energy,30518738000,22.72,5.11,257000000,0.47,3.58,3.08%
STI,Suntrust Banks,31152904000,14.77,4.47,2273000000,1.31,1.6,2.42%
STT,State Street Corp,34355848000,13.63,6.83,2177000000,1.28,1.68,1.80%
STX,Seagate Tech Ord Shs,16537527000,12.41,4.55,772000000,1.67,2.52,4.46%
STZ,Constellation Brands Inc,41323016000,25.54,8.57,2318900000,0.04,2.96,1.35%
SWK,Stanley Black & Decker Inc,20439904000,17.64,7.53,1226000000,1,2.52,1.90%
SWKS,Skyworks Solutions,17671714000,14.85,6.51,1010200000,0.63,1.28,1.32%
SYF,Synchrony Financial,25541078000,11.75,2.84,1935000000,1.14,0.6,1.80%
SYK,Stryker Corp,63515752000,25.24,6.69,1020000000,0.7,1.88,1.11%
SYMC,Symantec Corp,12983970000,20.65,1,1162000000,0.83,0.3,1.45%
SYY,Sysco Corp,35406480000,24.48,2.79,1142500000,0.57,1.44,2.11%
T,AT&T Inc,1.98E+11,10.16,3.16,29450000000,0.42,2,6.23%
TAP,Molson Coors Brewing Company,14586311000,16.6,4.1,1414200000,0.76,1.64,2.41%
TDG,Transdigm Group Inc,17963042000,27.31,12.64,596890000,0.83,0,0.00%
TEL,Te Connectivity Ltd,31684170000,16.96,5.31,1683000000,1.1,1.76,1.95%
TGT,Target Corp,40396016000,15.76,4.83,2934000000,0.72,2.48,3.26%
TIF,Tiffany & Co,16282894000,29.05,4.53,370100000,1.8,2.2,1.67%
TJX,TJX Companies,59337736000,21.88,4.35,2607950000,0.66,1.56,1.64%
TMK,Torchmark Corp,9301700000,15.81,5.15,1454490000,0.94,0.64,0.79%
TMO,Thermo Fisher Scientific Inc,82704928000,20.92,9.9,2225000000,1.1,0.68,0.33%
TPR,Tapestry Inc,13346213000,18.46,2.53,591000000,0.33,1.35,2.89%
TRIP,Tripadvisor Inc,7709514000,113.69,0.49,-19000000,1.87,0,0.00%
TROW,T Rowe Price Group,28214152000,19.38,5.99,1497800000,1.22,2.8,2.41%
TRV,The Travelers Companies Inc,33077122000,16.16,7.57,2056000000,1.26,3.08,2.52%
TSCO,Tractor Supply Co,9382671000,22.17,3.45,422600000,1.32,1.24,1.62%
TSN,Tyson Foods,24442560000,11.89,5.79,1774000000,0.19,1.2,1.74%
TSS,Total System Services,15656782000,23.94,3.53,586190000,1.17,0.52,0.62%
TTWO,Take-Two Interacti,13710731000,40.81,2.9,173530000,1.01,0,0.00%
TWTR,Twitter Inc,33855096000,229.84,0.19,-108060000,0.87,0,0.00%
TXN,Texas Instruments,1.08E+11,24.02,4.59,3682000000,1.27,2.48,2.25%
TXT,Textron Inc,16934486000,24.32,2.71,307000000,1.39,0.08,0.12%
UA,Under Armour Inc Class C Comm,9404347000,110.95,0.19,-48260000,-0.56,0,0.00%
UAA,Under Armour,10013518000,118.32,0.19,-48260000,-0.27,0,0.00%
UAL,United Continental Holdings,19663988000,10.15,6.87,2131000000,0.87,0,0.00%
UDR,United Dominion Realty Trust,9962748000,19.86,0.67,121560000,0.38,1.29,3.44%
UHS,Universal Health Services,10476512000,13.88,8.03,752300000,0.82,0.4,0.36%
ULTA,Ulta Salon Cosmetic,13994257000,26.2,8.91,555230000,0.68,0,0.00%
UNH,Unitedhealth Group Inc,2.38E+11,22.82,10.75,10558000000,0.77,3.6,1.47%
UNM,Unumprovident Corp,8314908000,8.2,4.51,994200000,1.43,0.92,2.49%
UNP,Union Pacific Corp,1.10E+11,23,6.16,10712000000,0.8,2.92,2.06%
UPS,United Parcel Service,91235736000,17,6.25,4910000000,1.05,3.64,3.43%
URI,United Rentals,12101100000,12.48,11.83,1346000000,2.52,0,0.00%
USB,U.S. Bancorp,82796408000,14.05,3.56,6218000000,0.95,1.2,2.40%
UTX,United Technologies Corp,1.00E+11,17.99,6.95,4552000000,1.09,2.8,2.24%
V,Visa Inc,2.71E+11,33.53,3.95,6699000000,0.99,0.84,0.63%
VAR,Varian Medical Systems,10433745000,26.2,4.34,249600000,0.86,0,0.00%
VFC,V.F. Corp,32223130000,25.48,3.2,614920000,0.93,1.84,2.26%
VIAB,Viacom Inc Cl B,11856570000,7.75,3.89,1874000000,1.44,0.8,2.65%
VLO,Valero Energy Corp,47080316000,20.91,5.3,4065000000,0.96,3.2,2.89%
VMC,Vulcan Materials Company,16815938000,41.37,3.12,601190000,0.97,1.12,0.87%
VNO,Vornado Realty Trust,13956576000,19.66,1.04,227420000,0.9,2.52,3.41%
VRSK,Verisk Analytics Inc,17869562000,31.57,3.41,555100000,0.69,0,0.00%
VRSN,Verisign Inc,13602743000,36.74,3.74,457250000,0.87,0,0.00%
VRTX,Vertex Pharmaceutic,43221716000,141.63,1.2,263480000,1.42,0,0.00%
VTR,Ventas Inc,20263350000,13.92,1.58,1356470000,0.1,3.16,5.55%
VZ,Verizon Communications Inc,2.08E+11,12.67,3.97,30101000000,0.65,2.36,4.69%
WAT,Waters Corp,15180724000,25.37,7.63,20310000,0.96,0,0.00%
WBA,Walgreens Boots Alliance,60666024000,10.26,5.85,4078000000,1.12,1.6,2.67%
WDC,Western Digital Cp,23352690000,6.01,12.89,397000000,1.02,2,2.58%
WEC,Wisconsin Energy Corp,20558082000,19.89,3.25,1204900000,0.08,2.21,3.42%
WELL,Welltower Inc,23092520000,15.11,1.86,522770000,0.22,3.48,5.55%
WFC,Wells Fargo & Company,2.75E+11,13.2,4.2,22183000000,1.14,1.56,2.81%
WHR,Whirlpool Corp,10401883000,10.38,14.09,350000000,1.76,4.6,3.15%
WLTW,Willis Towers Wts,20056820000,20.24,7.49,568000000,0.93,2.4,1.58%
WM,Waste Management,35304580000,23.44,3.47,1949000000,0.69,1.86,2.29%
WMB,Williams Companies,22097188000,40.46,0.67,2174000000,1.39,1.36,5.02%
WMT,Wal-Mart Stores,2.49E+11,18.82,4.55,9862000000,0.52,2.08,2.43%
WRK,Westrock Company,14599699000,17.23,3.31,708200000,1.4,1.72,3.02%
WU,Western Union Company,9417322000,10.76,1.89,-557100000,1.03,0.76,3.74%
WY,Weyerhaeuser Company,27479462000,28.26,1.29,582000000,1.38,1.28,3.51%
WYNN,Wynn Resorts Ltd,16738062000,26.15,6.4,747180000,1.4,3,1.79%
XEC,Cimarex Energy Co,9319694000,18.7,5.44,494330000,1.14,0.64,0.63%
XEL,XCEL Energy Inc,23524596000,18.95,2.41,1148000000,0.12,1.52,3.33%
XL,XL Company Switzerland Gmbh,14466823000,0,-1.77,-560400000,0.46,0.88,1.57%
XLNX,Xilinx Inc,16533403000,23.22,2.81,512380000,1.11,1.44,2.21%
XOM,Exxon Mobil Corp,3.46E+11,22.48,3.68,19710000000,0.92,3.28,3.96%
XRAY,Dentsply Sirona Inc,10002811000,16.71,2.62,-1550000000,1.23,0.35,0.80%
XRX,Xerox Corp,6173421000,6.9,3.48,195000000,1.18,1,4.17%
XYL,Xylem Inc,12158994000,26.84,2.51,331000000,1.09,0.84,1.25%
YUM,Yum! Brands,25246714000,24.29,3.22,1340000000,0.86,1.44,1.84%
ZBH,Zimmer Biomet Holdings,22729652000,14.27,7.81,1813800000,1.13,0.96,0.86%
ZION,Zions Bancorporation,10439475000,15.78,3.34,592000000,1.38,0.96,1.82%
ZTS,Zoetis Inc Class A,41442608000,32.52,2.62,864000000,0.96,0.5,0.59%